{"stats":{"minecraft:crafted":{"minecraft:wooden_sword":2,"minecraft:oak_sign":9,"minecraft:furnace":1,"minecraft:cooked_mutton":16,"butchersdelight:roaster":1,"minecraft:stone_pickaxe":1,"minecraft:chest":2,"minecraft:cooked_beef":16,"minecraft:wooden_shovel":1,"minecraft:spruce_sign":3,"minecraft:spruce_planks":68,"minecraft:wooden_pickaxe":2,"minecraft:bucket":1,"minecraft:air":0,"minecraft:spruce_trapdoor":4,"minecraft:stick":12,"minecraft:iron_ingot":15,"minecraft:wooden_axe":2,"minecraft:torch":4},"minecraft:killed_by":{"minecraft:creeper":1,"zombie_extreme:soldier_zombie":4,"zombie_extreme:crawler_zombie":1,"tough_zombies:plague_zombie":1,"zombie_extreme:militarysoldier":2,"minecraft:skeleton":4,"minecraft:zombie":2,"zombie_extreme:infected_bear":1,"zombie_extreme:fast_zombie_v_2":1,"tough_zombies:tough_zombie":1},"minecraft:custom":{"minecraft:mob_kills":11,"minecraft:interact_with_crafting_table":27,"minecraft:damage_dealt_resisted":44,"minecraft:leave_game":10,"minecraft:time_since_death":10592,"minecraft:climb_one_cm":2203,"minecraft:sprint_one_cm":195540,"minecraft:walk_one_cm":230530,"minecraft:drop":56,"minecraft:talked_to_villager":1,"minecraft:deaths":21,"minecraft:sneak_time":6764,"minecraft:walk_under_water_one_cm":10275,"minecraft:jump":2457,"minecraft:walk_on_water_one_cm":25777,"minecraft:interact_with_furnace":13,"minecraft:play_one_minute":165261,"minecraft:raid_trigger":1,"minecraft:time_since_rest":10636,"minecraft:damage_taken":4027,"minecraft:damage_dealt":4259,"minecraft:swim_one_cm":33913,"minecraft:fly_one_cm":207991,"minecraft:player_kills":1,"minecraft:open_chest":27,"minecraft:crouch_one_cm":15090,"minecraft:fall_one_cm":41628},"minecraft:picked_up":{"minecraft:wooden_axe":4,"minecraft:charcoal":32,"minecraft:crafting_table":2,"minecraft:chicken":1,"gunsrpg:perkpoint_book":1,"minecraft:wooden_pickaxe":1,"gunsrpg:stone_762mm_pack":2,"zombie_extreme:chips":1,"minecraft:wooden_sword":2,"minecraft:spruce_planks":145,"minecraft:sugar_cane":17,"zombie_extreme:copper_ore":10,"butchersdelight:porkribs":4,"minecraft:stick":46,"zombie_extreme:millitaryvest_boots":1,"minecraft:torch":15,"minecraft:porkchop":2,"minecraft:villager_spawn_egg":6,"structurize:sceptergold":1,"minecraft:diorite":25,"minecraft:carrot":2,"craftingdead:green_tactical_vest":3,"gunsrpg:wooden_12g_pack":2,"minecraft:dark_oak_planks":2,"gunsrpg:chicken_dinner":3,"minecraft:zombie_spawn_egg":3,"artifacts:snorkel":3,"gunsrpg:iron_ore_chunk":18,"minecraft:rotten_flesh":6,"gunsrpg:wooden_bolts_quiver":4,"gunsrpg:iron_45acp_pack":1,"minecraft:cobblestone":321,"relics:ice_skates":1,"minecraft:cooked_beef":13,"minecraft:water_bucket":1,"minecraft:potato":7,"butchersdelight:deadpig":3,"minecraft:flint":1,"gunsrpg:wooden_762mm_pack":2,"minecraft:oak_log":7,"gunsrpg:stone_556mm_pack":2,"toughasnails:purified_water_bottle":1,"minecraft:gunpowder":2,"minecraft:dirt":81,"minecraft:cooked_mutton":16,"zombie_extreme:millitaryvest_leggings":1,"minecraft:bone":1,"minecraft:stone_pickaxe":1,"minecraft:oak_planks":2,"minecraft:book":72,"toughasnails:purified_water_canteen":2,"minecraft:sweet_berries":3,"minecraft:poisonous_potato":2,"minecraft:gravel":2,"zombie_extreme:antiradon_enhanced_action":2,"minecraft:spruce_log":42,"lightmanscurrency:coin_copper":17,"butchersdelight:ham":4,"toughasnails:water_canteen":2,"minecraft:diamond":2,"tough_zombies:tough_zombie_rotten_flesh":2,"minecraft:granite":29,"minecraft:spruce_sign":3,"minecraft:emerald":1,"minecraft:bread":7,"butchersdelight:porkloin":4,"minecraft:coal":25},"minecraft:broken":{"minecraft:wooden_shovel":1,"minecraft:wooden_pickaxe":2,"minecraft:wooden_sword":3,"minecraft:wooden_axe":1},"minecraft:dropped":{"minecraft:spruce_sign":3,"toughasnails:water_canteen":2,"minecraft:glass_bottle":1,"relics:ice_breaker":1,"minecraft:poisonous_potato":1,"minecraft:cobblestone":5,"minecraft:granite":15,"minecraft:coal":9,"gunsrpg:sling":1,"craftingdead:sas_clothing":1,"minecraft:dirt":52,"artifacts:snorkel":1,"minecraft:diorite":15,"gunsrpg:stone_762mm_pack":2,"minecraft:wooden_axe":1,"gunsrpg:wooden_762mm_pack":2,"craftingdead:green_tactical_vest":2,"toughasnails:purified_water_canteen":1,"craftingdead:scuba_mask":1,"butchersdelight:deadpig":2,"minecraft:bone":1,"minecraft:zombie_spawn_egg":3,"minecraft:sweet_berries":3,"zombie_extreme:chips":1,"minecraft:rotten_flesh":6,"minecraft:villager_spawn_egg":3,"minecraft:oak_sign":1,"gunsrpg:wooden_bolts_quiver":4,"minecraft:potato":7,"tough_zombies:tough_zombie_rotten_flesh":1,"gunsrpg:iron_45acp_pack":1,"zombie_extreme:millitaryvest_boots":1,"gunsrpg:stone_556mm_pack":2,"gunsrpg:wooden_12g_pack":2,"structurize:sceptergold":2},"minecraft:used":{"minecraft:stone_sword":1,"minecraft:oak_sign":8,"minecraft:chest":2,"minecraft:spruce_planks":3,"butchersdelight:hook":2,"minecraft:wooden_shovel":59,"minecraft:torch":10,"minecraft:dirt":28,"minecraft:granite":14,"minecraft:dark_oak_planks":2,"minecraft:wooden_axe":75,"minecraft:lava_bucket":13,"chancecubes:chance_cube":1,"gunsrpg:chicken_dinner":1,"minecraft:furnace":1,"minecraft:cooked_beef":4,"minecraft:water_bucket":2,"minecraft:diorite":5,"minecraft:stone_pickaxe":123,"minecraft:oak_planks":7,"minecraft:wooden_pickaxe":119,"minecraft:sugar_cane":17,"toughasnails:water_canteen":22,"minecraft:crafting_table":7,"minecraft:bread":12,"minecraft:spruce_trapdoor":4,"minecraft:gravel":2,"minecraft:wooden_sword":154,"minecraft:cobblestone":26,"toughasnails:purified_water_bottle":1,"toughasnails:purified_water_canteen":5,"minecraft:bucket":16},"minecraft:mined":{"minecraft:dark_oak_planks":3,"minecraft:spruce_planks":3,"zombie_extreme:copper_ore":5,"minecraft:granite":19,"minecraft:grass_block":50,"minecraft:spruce_leaves":14,"minecraft:large_fern":3,"minecraft:tall_seagrass":1,"minecraft:iron_ore":18,"minecraft:fire":1,"minecraft:bookshelf":11,"minecraft:stone":160,"minecraft:glass_pane":1,"minecraft:crafting_table":2,"minecraft:torch":5,"minecraft:cobblestone":13,"minecraft:sugar_cane":12,"minecraft:diorite":5,"chancecubes:chance_cube":1,"minecraft:wall_torch":7,"minecraft:seagrass":2,"minecraft:sweet_berry_bush":1,"minecraft:spruce_log":42,"minecraft:grass_path":1,"minecraft:oak_log":6,"minecraft:coal_ore":9,"minecraft:gravel":5,"minecraft:dirt":32,"minecraft:oak_leaves":1},"minecraft:killed":{"zombie_extreme:soldier_zombie":2,"tough_zombies:tough_zombie":1,"hordes:zombie_player":1,"zombie_extreme:infected_bear":1,"zombie_extreme:drawnedzombie":1,"zombie_extreme:infected_dog":2,"zombie_extreme:infected_spec_ops_soldier":1,"minecraft:pig":1,"zombie_extreme:infected_hazmat":1,"minecraft:creeper":1,"zombie_extreme:crawler_zombie":1}},"DataVersion":2586}