{"stats":{"minecraft:broken":{"minecraft:wooden_sword":1},"minecraft:custom":{"minecraft:mob_kills":7,"minecraft:interact_with_crafting_table":13,"minecraft:play_one_minute":54936,"minecraft:damage_dealt_resisted":44,"minecraft:leave_game":4,"minecraft:time_since_death":858,"minecraft:time_since_rest":883,"minecraft:sprint_one_cm":78072,"minecraft:damage_taken":1949,"minecraft:walk_one_cm":70411,"minecraft:drop":7,"minecraft:damage_dealt":2489,"minecraft:swim_one_cm":15425,"minecraft:fly_one_cm":86237,"minecraft:player_kills":1,"minecraft:open_chest":18,"minecraft:crouch_one_cm":4282,"minecraft:deaths":12,"minecraft:sneak_time":2980,"minecraft:walk_under_water_one_cm":2070,"minecraft:jump":818,"minecraft:walk_on_water_one_cm":7888,"minecraft:fall_one_cm":14399},"minecraft:mined":{"minecraft:spruce_planks":2,"minecraft:glass_pane":1,"minecraft:crafting_table":1,"minecraft:grass_block":8,"minecraft:cobblestone":10,"minecraft:spruce_leaves":3,"minecraft:sugar_cane":7,"chancecubes:chance_cube":1,"minecraft:wall_torch":2,"minecraft:large_fern":3,"minecraft:seagrass":2,"minecraft:tall_seagrass":1,"minecraft:spruce_log":19,"minecraft:grass_path":1,"minecraft:bookshelf":2,"minecraft:dirt":3},"minecraft:crafted":{"minecraft:wooden_sword":2,"minecraft:spruce_planks":20,"minecraft:wooden_pickaxe":1,"minecraft:spruce_trapdoor":4,"butchersdelight:roaster":1,"minecraft:stick":12,"minecraft:wooden_axe":1,"minecraft:chest":2},"minecraft:picked_up":{"minecraft:wooden_axe":3,"minecraft:crafting_table":1,"relics:ice_skates":1,"minecraft:chicken":1,"minecraft:wooden_pickaxe":1,"minecraft:potato":7,"butchersdelight:deadpig":3,"minecraft:dirt":12,"minecraft:wooden_sword":1,"zombie_extreme:millitaryvest_leggings":1,"minecraft:spruce_planks":25,"minecraft:sugar_cane":11,"minecraft:book":12,"butchersdelight:porkribs":4,"minecraft:stick":10,"toughasnails:purified_water_canteen":2,"minecraft:torch":1,"minecraft:porkchop":2,"minecraft:spruce_log":19,"artifacts:snorkel":2,"butchersdelight:ham":4,"minecraft:rotten_flesh":1,"tough_zombies:tough_zombie_rotten_flesh":1,"minecraft:emerald":1,"minecraft:bread":7,"butchersdelight:porkloin":4,"minecraft:cobblestone":10},"minecraft:killed_by":{"zombie_extreme:militarysoldier":1,"minecraft:creeper":1,"minecraft:zombie":1,"zombie_extreme:soldier_zombie":4,"zombie_extreme:infected_bear":1,"zombie_extreme:fast_zombie_v_2":1,"zombie_extreme:crawler_zombie":1,"tough_zombies:tough_zombie":1},"minecraft:dropped":{"relics:ice_breaker":1,"minecraft:rotten_flesh":1,"artifacts:snorkel":1,"minecraft:wooden_axe":1,"toughasnails:purified_water_canteen":1,"butchersdelight:deadpig":2},"minecraft:killed":{"tough_zombies:tough_zombie":1,"minecraft:pig":1,"hordes:zombie_player":1,"zombie_extreme:infected_bear":1,"zombie_extreme:drawnedzombie":1,"zombie_extreme:infected_dog":1,"zombie_extreme:infected_spec_ops_soldier":1},"minecraft:used":{"minecraft:stone_sword":1,"minecraft:chest":2,"minecraft:spruce_planks":1,"minecraft:wooden_pickaxe":11,"butchersdelight:hook":2,"minecraft:sugar_cane":5,"toughasnails:water_canteen":3,"minecraft:torch":1,"minecraft:dirt":11,"minecraft:crafting_table":3,"minecraft:wooden_axe":23,"chancecubes:chance_cube":1,"minecraft:bread":8,"minecraft:spruce_trapdoor":3,"minecraft:wooden_sword":102,"minecraft:cobblestone":4,"toughasnails:purified_water_canteen":5}},"DataVersion":2586}