{"stats":{"minecraft:broken":{"minecraft:wooden_shovel":1,"minecraft:wooden_sword":2,"minecraft:wooden_axe":1,"minecraft:wooden_pickaxe":1},"minecraft:custom":{"minecraft:interact_with_furnace":6,"minecraft:mob_kills":9,"minecraft:interact_with_crafting_table":19,"minecraft:play_one_minute":102936,"minecraft:raid_trigger":1,"minecraft:damage_dealt_resisted":44,"minecraft:leave_game":4,"minecraft:time_since_death":27388,"minecraft:climb_one_cm":2203,"minecraft:time_since_rest":27420,"minecraft:sprint_one_cm":137547,"minecraft:damage_taken":2289,"minecraft:walk_one_cm":129120,"minecraft:drop":12,"minecraft:damage_dealt":2754,"minecraft:swim_one_cm":33913,"minecraft:talked_to_villager":1,"minecraft:fly_one_cm":161414,"minecraft:player_kills":1,"minecraft:open_chest":24,"minecraft:crouch_one_cm":11446,"minecraft:deaths":13,"minecraft:sneak_time":4802,"minecraft:walk_under_water_one_cm":8554,"minecraft:jump":1611,"minecraft:walk_on_water_one_cm":12911,"minecraft:fall_one_cm":28880},"minecraft:mined":{"minecraft:dark_oak_planks":3,"minecraft:spruce_planks":2,"minecraft:glass_pane":1,"minecraft:crafting_table":2,"minecraft:torch":5,"minecraft:grass_block":50,"minecraft:cobblestone":10,"minecraft:spruce_leaves":10,"minecraft:sugar_cane":12,"chancecubes:chance_cube":1,"minecraft:wall_torch":2,"minecraft:large_fern":3,"minecraft:seagrass":2,"minecraft:tall_seagrass":1,"minecraft:sweet_berry_bush":1,"minecraft:spruce_log":38,"minecraft:grass_path":1,"minecraft:bookshelf":11,"minecraft:oak_log":6,"minecraft:coal_ore":9,"minecraft:dirt":32,"minecraft:stone":39,"minecraft:oak_leaves":1},"minecraft:crafted":{"minecraft:cooked_beef":16,"minecraft:wooden_sword":2,"minecraft:wooden_shovel":1,"minecraft:oak_sign":9,"minecraft:spruce_sign":3,"minecraft:spruce_planks":68,"minecraft:wooden_pickaxe":2,"minecraft:furnace":1,"minecraft:cooked_mutton":16,"minecraft:air":0,"minecraft:spruce_trapdoor":4,"butchersdelight:roaster":1,"minecraft:stick":12,"minecraft:wooden_axe":2,"minecraft:chest":2},"minecraft:picked_up":{"minecraft:wooden_axe":3,"minecraft:crafting_table":2,"relics:ice_skates":1,"minecraft:chicken":1,"minecraft:wooden_pickaxe":1,"minecraft:potato":7,"butchersdelight:deadpig":3,"minecraft:oak_log":7,"minecraft:dirt":81,"minecraft:wooden_sword":1,"zombie_extreme:millitaryvest_leggings":1,"minecraft:spruce_planks":25,"minecraft:sugar_cane":17,"minecraft:book":39,"butchersdelight:porkribs":4,"minecraft:stick":10,"toughasnails:purified_water_canteen":2,"zombie_extreme:millitaryvest_boots":1,"minecraft:sweet_berries":3,"minecraft:torch":6,"minecraft:porkchop":2,"minecraft:spruce_log":38,"minecraft:dark_oak_planks":2,"artifacts:snorkel":2,"butchersdelight:ham":4,"minecraft:rotten_flesh":3,"tough_zombies:tough_zombie_rotten_flesh":1,"minecraft:emerald":1,"minecraft:bread":7,"butchersdelight:porkloin":4,"minecraft:coal":10,"minecraft:cobblestone":52},"minecraft:killed_by":{"zombie_extreme:militarysoldier":1,"minecraft:creeper":1,"minecraft:zombie":1,"zombie_extreme:soldier_zombie":4,"zombie_extreme:infected_bear":1,"zombie_extreme:fast_zombie_v_2":1,"zombie_extreme:crawler_zombie":1,"tough_zombies:tough_zombie":1},"minecraft:dropped":{"minecraft:sweet_berries":3,"relics:ice_breaker":1,"minecraft:rotten_flesh":3,"artifacts:snorkel":1,"minecraft:wooden_axe":1,"zombie_extreme:millitaryvest_boots":1,"toughasnails:purified_water_canteen":1,"butchersdelight:deadpig":2},"minecraft:used":{"minecraft:stone_sword":1,"minecraft:oak_planks":5,"minecraft:oak_sign":8,"minecraft:chest":2,"minecraft:spruce_planks":1,"minecraft:wooden_pickaxe":60,"butchersdelight:hook":2,"minecraft:wooden_shovel":59,"minecraft:sugar_cane":17,"toughasnails:water_canteen":18,"minecraft:torch":6,"minecraft:dirt":24,"minecraft:crafting_table":7,"minecraft:dark_oak_planks":2,"minecraft:wooden_axe":74,"chancecubes:chance_cube":1,"minecraft:bread":12,"minecraft:spruce_trapdoor":4,"minecraft:wooden_sword":117,"minecraft:cobblestone":6,"minecraft:furnace":1,"toughasnails:purified_water_canteen":5,"minecraft:cooked_beef":1},"minecraft:killed":{"zombie_extreme:soldier_zombie":2,"tough_zombies:tough_zombie":1,"minecraft:pig":1,"hordes:zombie_player":1,"zombie_extreme:infected_bear":1,"zombie_extreme:drawnedzombie":1,"zombie_extreme:infected_dog":1,"zombie_extreme:infected_spec_ops_soldier":1}},"DataVersion":2586}