{"stats":{"minecraft:broken":{"minecraft:wooden_sword":2},"minecraft:custom":{"minecraft:mob_kills":9,"minecraft:interact_with_crafting_table":13,"minecraft:play_one_minute":66936,"minecraft:damage_dealt_resisted":44,"minecraft:leave_game":4,"minecraft:time_since_death":12858,"minecraft:climb_one_cm":2203,"minecraft:time_since_rest":12883,"minecraft:sprint_one_cm":111147,"minecraft:damage_taken":2009,"minecraft:walk_one_cm":87991,"minecraft:drop":9,"minecraft:damage_dealt":2754,"minecraft:swim_one_cm":17336,"minecraft:fly_one_cm":122762,"minecraft:player_kills":1,"minecraft:open_chest":20,"minecraft:crouch_one_cm":7929,"minecraft:deaths":12,"minecraft:sneak_time":3600,"minecraft:walk_under_water_one_cm":6927,"minecraft:jump":1107,"minecraft:walk_on_water_one_cm":10597,"minecraft:fall_one_cm":20170},"minecraft:mined":{"minecraft:spruce_planks":2,"minecraft:glass_pane":1,"minecraft:crafting_table":1,"minecraft:torch":5,"minecraft:grass_block":8,"minecraft:cobblestone":10,"minecraft:spruce_leaves":5,"minecraft:sugar_cane":12,"chancecubes:chance_cube":1,"minecraft:wall_torch":2,"minecraft:large_fern":3,"minecraft:seagrass":2,"minecraft:tall_seagrass":1,"minecraft:spruce_log":26,"minecraft:grass_path":1,"minecraft:bookshelf":11,"minecraft:oak_log":6,"minecraft:coal_ore":9,"minecraft:dirt":3,"minecraft:stone":7,"minecraft:oak_leaves":1},"minecraft:crafted":{"minecraft:wooden_sword":2,"minecraft:spruce_planks":20,"minecraft:wooden_pickaxe":1,"minecraft:spruce_trapdoor":4,"butchersdelight:roaster":1,"minecraft:stick":12,"minecraft:wooden_axe":1,"minecraft:chest":2},"minecraft:picked_up":{"minecraft:wooden_axe":3,"minecraft:crafting_table":1,"relics:ice_skates":1,"minecraft:chicken":1,"minecraft:wooden_pickaxe":1,"minecraft:potato":7,"butchersdelight:deadpig":3,"minecraft:oak_log":7,"minecraft:dirt":12,"minecraft:wooden_sword":1,"zombie_extreme:millitaryvest_leggings":1,"minecraft:spruce_planks":25,"minecraft:sugar_cane":17,"minecraft:book":39,"butchersdelight:porkribs":4,"minecraft:stick":10,"toughasnails:purified_water_canteen":2,"zombie_extreme:millitaryvest_boots":1,"minecraft:torch":6,"minecraft:porkchop":2,"minecraft:spruce_log":26,"artifacts:snorkel":2,"butchersdelight:ham":4,"minecraft:rotten_flesh":3,"tough_zombies:tough_zombie_rotten_flesh":1,"minecraft:emerald":1,"minecraft:bread":7,"butchersdelight:porkloin":4,"minecraft:coal":9,"minecraft:cobblestone":17},"minecraft:killed_by":{"zombie_extreme:militarysoldier":1,"minecraft:creeper":1,"minecraft:zombie":1,"zombie_extreme:soldier_zombie":4,"zombie_extreme:infected_bear":1,"zombie_extreme:fast_zombie_v_2":1,"zombie_extreme:crawler_zombie":1,"tough_zombies:tough_zombie":1},"minecraft:dropped":{"relics:ice_breaker":1,"minecraft:rotten_flesh":3,"artifacts:snorkel":1,"minecraft:wooden_axe":1,"zombie_extreme:millitaryvest_boots":1,"toughasnails:purified_water_canteen":1,"butchersdelight:deadpig":2},"minecraft:used":{"minecraft:stone_sword":1,"minecraft:chest":2,"minecraft:spruce_planks":1,"minecraft:wooden_pickaxe":27,"butchersdelight:hook":2,"minecraft:sugar_cane":17,"toughasnails:water_canteen":9,"minecraft:torch":4,"minecraft:dirt":11,"minecraft:crafting_table":3,"minecraft:wooden_axe":53,"chancecubes:chance_cube":1,"minecraft:bread":12,"minecraft:spruce_trapdoor":4,"minecraft:wooden_sword":117,"minecraft:cobblestone":6,"toughasnails:purified_water_canteen":5},"minecraft:killed":{"zombie_extreme:soldier_zombie":2,"tough_zombies:tough_zombie":1,"minecraft:pig":1,"hordes:zombie_player":1,"zombie_extreme:infected_bear":1,"zombie_extreme:drawnedzombie":1,"zombie_extreme:infected_dog":1,"zombie_extreme:infected_spec_ops_soldier":1}},"DataVersion":2586}