{"stats":{"minecraft:broken":{"minecraft:wooden_shovel":1,"minecraft:wooden_sword":2,"minecraft:wooden_axe":1,"minecraft:wooden_pickaxe":2},"minecraft:custom":{"minecraft:interact_with_furnace":9,"minecraft:mob_kills":10,"minecraft:interact_with_crafting_table":21,"minecraft:play_one_minute":132936,"minecraft:raid_trigger":1,"minecraft:damage_dealt_resisted":44,"minecraft:leave_game":4,"minecraft:time_since_death":1060,"minecraft:climb_one_cm":2203,"minecraft:time_since_rest":1089,"minecraft:sprint_one_cm":173748,"minecraft:damage_taken":3259,"minecraft:walk_one_cm":187524,"minecraft:drop":32,"minecraft:damage_dealt":3872,"minecraft:swim_one_cm":33913,"minecraft:talked_to_villager":1,"minecraft:fly_one_cm":184325,"minecraft:player_kills":1,"minecraft:open_chest":24,"minecraft:crouch_one_cm":14719,"minecraft:deaths":16,"minecraft:sneak_time":6577,"minecraft:walk_under_water_one_cm":9082,"minecraft:jump":1977,"minecraft:walk_on_water_one_cm":20806,"minecraft:fall_one_cm":33897},"minecraft:mined":{"minecraft:dark_oak_planks":3,"minecraft:spruce_planks":2,"minecraft:glass_pane":1,"zombie_extreme:copper_ore":5,"minecraft:crafting_table":2,"minecraft:torch":5,"minecraft:granite":16,"minecraft:grass_block":50,"minecraft:cobblestone":11,"minecraft:spruce_leaves":10,"minecraft:sugar_cane":12,"minecraft:diorite":5,"chancecubes:chance_cube":1,"minecraft:wall_torch":5,"minecraft:large_fern":3,"minecraft:seagrass":2,"minecraft:tall_seagrass":1,"minecraft:sweet_berry_bush":1,"minecraft:spruce_log":38,"minecraft:grass_path":1,"minecraft:bookshelf":11,"minecraft:oak_log":6,"minecraft:coal_ore":9,"minecraft:gravel":2,"minecraft:dirt":32,"minecraft:stone":154,"minecraft:oak_leaves":1},"minecraft:crafted":{"minecraft:cooked_beef":16,"minecraft:wooden_sword":2,"minecraft:wooden_shovel":1,"minecraft:oak_sign":9,"minecraft:spruce_sign":3,"minecraft:spruce_planks":68,"minecraft:wooden_pickaxe":2,"minecraft:furnace":1,"minecraft:bucket":1,"minecraft:cooked_mutton":16,"minecraft:air":0,"minecraft:spruce_trapdoor":4,"butchersdelight:roaster":1,"minecraft:stick":12,"minecraft:iron_ingot":3,"minecraft:stone_pickaxe":1,"minecraft:wooden_axe":2,"minecraft:chest":2,"minecraft:torch":4},"minecraft:picked_up":{"minecraft:wooden_axe":3,"minecraft:crafting_table":2,"relics:ice_skates":1,"minecraft:chicken":1,"gunsrpg:perkpoint_book":1,"minecraft:wooden_pickaxe":1,"minecraft:potato":7,"butchersdelight:deadpig":3,"toughasnails:purified_water_bottle":1,"minecraft:oak_log":7,"zombie_extreme:chips":1,"minecraft:dirt":81,"minecraft:wooden_sword":1,"zombie_extreme:millitaryvest_leggings":1,"minecraft:bone":1,"minecraft:spruce_planks":25,"minecraft:sugar_cane":17,"zombie_extreme:copper_ore":5,"minecraft:book":39,"butchersdelight:porkribs":4,"minecraft:stick":10,"toughasnails:purified_water_canteen":2,"zombie_extreme:millitaryvest_boots":1,"minecraft:sweet_berries":3,"minecraft:torch":10,"minecraft:poisonous_potato":1,"minecraft:porkchop":2,"structurize:sceptergold":1,"minecraft:villager_spawn_egg":3,"zombie_extreme:antiradon_enhanced_action":1,"minecraft:carrot":1,"minecraft:diorite":5,"minecraft:spruce_log":38,"minecraft:dark_oak_planks":2,"minecraft:zombie_spawn_egg":1,"artifacts:snorkel":2,"butchersdelight:ham":4,"minecraft:rotten_flesh":4,"minecraft:diamond":1,"tough_zombies:tough_zombie_rotten_flesh":1,"minecraft:granite":26,"minecraft:emerald":1,"minecraft:bread":7,"butchersdelight:porkloin":4,"minecraft:coal":22,"minecraft:cobblestone":173},"minecraft:killed_by":{"tough_zombies:plague_zombie":1,"zombie_extreme:militarysoldier":1,"minecraft:skeleton":1,"minecraft:creeper":1,"minecraft:zombie":1,"zombie_extreme:soldier_zombie":4,"zombie_extreme:infected_bear":1,"zombie_extreme:fast_zombie_v_2":1,"zombie_extreme:crawler_zombie":1,"tough_zombies:tough_zombie":1},"minecraft:dropped":{"minecraft:zombie_spawn_egg":1,"minecraft:sweet_berries":3,"zombie_extreme:chips":1,"minecraft:glass_bottle":1,"relics:ice_breaker":1,"minecraft:cobblestone":5,"minecraft:rotten_flesh":4,"minecraft:villager_spawn_egg":3,"minecraft:granite":15,"minecraft:oak_sign":1,"minecraft:coal":9,"minecraft:dirt":52,"minecraft:potato":7,"artifacts:snorkel":1,"minecraft:wooden_axe":1,"zombie_extreme:millitaryvest_boots":1,"toughasnails:purified_water_canteen":1,"butchersdelight:deadpig":2,"structurize:sceptergold":2,"minecraft:bone":1},"minecraft:used":{"minecraft:stone_sword":1,"minecraft:stone_pickaxe":91,"minecraft:oak_planks":5,"minecraft:oak_sign":8,"minecraft:chest":2,"minecraft:spruce_planks":1,"minecraft:wooden_pickaxe":119,"butchersdelight:hook":2,"minecraft:wooden_shovel":59,"minecraft:sugar_cane":17,"toughasnails:water_canteen":20,"minecraft:torch":10,"minecraft:dirt":28,"minecraft:crafting_table":7,"minecraft:granite":11,"minecraft:dark_oak_planks":2,"minecraft:wooden_axe":75,"chancecubes:chance_cube":1,"minecraft:bread":12,"minecraft:spruce_trapdoor":4,"minecraft:wooden_sword":148,"minecraft:cobblestone":19,"toughasnails:purified_water_bottle":1,"minecraft:furnace":1,"toughasnails:purified_water_canteen":5,"minecraft:cooked_beef":3},"minecraft:killed":{"zombie_extreme:soldier_zombie":2,"tough_zombies:tough_zombie":1,"minecraft:pig":1,"hordes:zombie_player":1,"zombie_extreme:infected_hazmat":1,"zombie_extreme:infected_bear":1,"zombie_extreme:drawnedzombie":1,"zombie_extreme:crawler_zombie":1,"zombie_extreme:infected_dog":2,"zombie_extreme:infected_spec_ops_soldier":1}},"DataVersion":2586}