{"stats":{"minecraft:used":{"minecraft:netherite_sword":11,"bloxys_structures:red_mushy_spawn_egg":1,"zombie_extreme:painkillers":1,"bloxys_structures:mossy_skeleton_spawn_egg":1,"minecraft:zombie_spawn_egg":1,"ava:sandstone_wall_light":2,"minecolonies:gate_iron":3,"zombie_extreme:vendingmachine":1,"bloxys_structures:cave_golem_spawn_egg":1,"bloxys_structures:racoon_spawn_egg":1,"minecraft:rotten_flesh":3,"tough_zombies:tough_zombie_spawn_egg":2,"bloxys_structures:mossy_watcher_spawn_egg":1,"minecraft:dirt":7,"bloxys_structures:mossy_eye_spawn_egg":1,"gunsrpg:explosive_skeleton_spawn_egg":1,"minecolonies:amazonchiefegg":4,"zombie_extreme:poisonous_zombie_spawn_egg":6,"bloxys_structures:shadow_leviathan_spawn_egg":1,"zombie_extreme:drawnedzombie_spawn_egg":4,"minecraft:milk_bucket":5,"bloxys_structures:mushroom_king_spawn_egg":1,"bloxys_structures:purple_mushy_spawn_egg":1,"apexguns:kraber":10,"lightmanscurrency:coinpile_iron":16,"minecraft:villager_spawn_egg":13,"zombie_extreme:nightvisionsyringe":1,"medieval_craft_weapons:viking_1_spawn_egg":1,"zombie_extreme:policezombie_spawn_egg":3,"nuclear_craft:c4_atomic_bomb":1,"zombie_extreme:infected_hazmat_spawn_egg":1,"zombie_extreme:infectedperson_spawn_egg":21,"magistuarmory:diamond_guisarme":26,"moguns:micro_uzi":2231,"zombie_extreme:syringeinfection":1,"zombie_extreme:anti_selective_vaccine":1,"ava:glass_trig_wall":4,"bloxys_structures:bigstonesword":17,"cgm:grenade_launcher":49,"magistuarmory:netherite_katzbalger":2,"zombie_extreme:wastland_spider_spawn_egg":8,"gunsrpg:large_landmine":54,"zombie_extreme:survival_spawn_egg":18,"magistuarmory:netherite_flamebladedsword":8,"bloxys_structures:giant_cow_spawn_egg":1,"magistuarmory:netherite_stylet":8,"zombie_extreme:antiradon_enhanced_action":1,"minecraft:enchanted_golden_apple":2,"moguns:scar_l":130,"ava:plaster_magenta_slope_90":1,"magistuarmory:wood_stylet":7,"zombie_extreme:crawler_zombie_spawn_egg":1,"zombie_extreme:survial_spawn_egg":8,"moguns:lanchester":79,"bloxys_structures:giant_enderman_spawn_egg":1,"medieval_craft_weapons:archer_spawn_egg":1,"cgm:pistol":6,"bloxys_structures:mystical_pork":11,"bloxys_structures:ash_zombie_spawn_egg":1,"zombie_extreme:demolisher_spawn_egg":5,"minecolonies:barbarianegg":4,"medieval_craft_structures:casabs":2,"bloxys_structures:vampire_spawn_egg":1,"zombie_extreme:murku_force_unit_spawn_egg":2,"bloxys_structures:rollingstone_spawn_egg":2,"tough_zombies:brute_zombie_spawn_egg":3,"bloxys_structures:guormo_spawn_egg":1,"moguns:m1911":34,"gunsrpg:landmine":4,"zombie_extreme:night_hunter_spawn_egg":2,"zombie_extreme:rat_king_spawn_egg":18,"bloxys_structures:ragnarok_spawn_egg":1,"medieval_craft_weapons:soldier_spawn_egg":1,"medieval_craft_weapons:romancenturion_spawn_egg":1,"bloxys_structures:giant_sniffer_spawn_egg":1,"cgm:bazooka":18,"medieval_craft_weapons:viking_2_spawn_egg":2,"zombie_extreme:zero_patient_spawn_egg":5,"nuclear_craft:statue_of_rifle_ammo":4,"bloxys_structures:mossy_apple":1,"zombie_extreme:aspirin":3,"medieval_craft_weapons:romanlegionary_spawn_egg":1,"magistuarmory:netherite_claymore":67,"magistuarmory:netherite_lochaberaxe":3,"zombie_extreme:heavy_military_spawn_egg":8,"medieval_craft_weapons:heavyknight_spawn_egg":1,"zombie_extreme:infected_spec_ops_soldier_spawn_egg":2,"zombie_extreme:shelving":1,"gunsrpg:hidden_landmine":5,"bloxys_structures:mossy_gatekeeper_spawn_egg":1,"tough_zombies:plague_zombie_spawn_egg":3,"minecraft:string":3,"zombie_extreme:bombsuitzombie_spawn_egg":47,"gunsrpg:mayor_spawn_egg":1,"gunsrpg:zombie_gunner_spawn_egg":8,"minecraft:wooden_sword":256,"bloxys_structures:titan_sniffer_spawn_egg":1,"medieval_craft_weapons:knight_spawn_egg":1,"lightmanscurrency:coinblock_iron":53,"zombie_extreme:protectionpill":1,"medieval_craft_structures:castlebs":1,"upgradednetherite_items:enchanted_netherite_apple":2,"bloxys_structures:bell_monster_spawn_egg":1},"minecraft:killed":{"zombie_extreme:soldier_zombie":3,"zombie_extreme:bombsuitzombie":46,"gunsrpg:zombie_gunner":12,"bloxys_structures:shadow_leviathan":1,"bloxys_structures:bell_monster":1,"zombie_extreme:infected_bear":6,"minecraft:spider":2,"bloxys_structures:titan_sniffer":1,"zombie_extreme:infectedperson":15,"bloxys_structures:ragnarok":1,"minecraft:cod":4,"zombie_extreme:explosive_zombie":3,"zombie_extreme:demolisher":5,"minecraft:phantom":4,"zombie_extreme:drawnedzombie":6,"minecraft:skeleton":10,"bloxys_structures:mossy_gatekeeper":1,"minecraft:chicken":2,"zombie_extreme:infected_dog":5,"bloxys_structures:mossy_eye":1,"bloxys_structures:cave_golem":1,"minecraft:drowned":27,"zombie_extreme:parasite":1,"bloxys_structures:racoon":1,"zombie_extreme:fast_zombie_v_2":8,"bloxys_structures:red_mushy":1,"zombie_extreme:infected_spec_ops_soldier":3,"bloxys_structures:giant_sniffer":1,"minecraft:wolf":1,"bloxys_structures:giant_cow":1,"bloxys_structures:guormo":1,"zombie_extreme:wastland_spider":2,"bloxys_structures:mossy_watcher":1,"minecraft:zombie_villager":70,"zombie_extreme:murku_force_unit":1,"minecraft:salmon":7,"ava:blue_melee_guard":7,"bloxys_structures:mossy_skeleton":6,"bloxys_structures:ash_zombie":1,"gunsrpg:bloodmoon_golem":1,"gunsrpg:explosive_skeleton":1,"zombie_extreme:zero_patient":2,"minecraft:creeper":4,"minecraft:squid":9,"medieval_craft_weapons:romanlegionary":1,"zombie_extreme:policezombie":3,"minecraft:zombie":689,"tough_zombies:plague_zombie":3,"bloxys_structures:purple_mushy":1,"tough_zombies:brute_zombie":3,"zombie_extreme:crawler_zombie":7,"bloxys_structures:mushroom_king":1,"bloxys_structures:vampire":1,"bloxys_structures:mossy_guardian":6,"zombie_extreme:heavy_military":4,"zombie_extreme:poisonous_zombie":4,"medieval_craft_weapons:viking_2":2,"minecraft:wither_skeleton":6,"bloxys_structures:rollingstone":2,"zombie_extreme:survival":3,"minecraft:villager":9,"zombie_extreme:boomerzombie":2,"medieval_craft_weapons:heavyknight":1,"zombie_extreme:rat_king":16,"minecraft:blaze":1,"minecraft:cow":6},"minecraft:dropped":{"nuclear_craft:ammo_570_anti_gravity":1,"nuclear_craft:ammo_127_incendiary":1,"lightmanscurrency:coin_copper":4,"nuclear_craft:ammo_9mm_normal":11,"nuclear_craft:atomic_bomb_rocket":1,"minecraft:poisonous_potato":1,"nuclear_craft:ammo_12_ga_short_gun_desolator":1,"zombie_extreme:exoarmor_helmet":1,"zombie_extreme:exoarmor_boots":1,"nuclear_craft:ammo_9mm_anti_gravity":3,"zombie_extreme:exoarmor_chestplate":1,"nuclear_craft:ammo_762_silver":1,"nuclear_craft:ammo_9mm_silver":1,"nuclear_craft:ammo_9mm_tungsten":3,"nuclear_craft:ammo_127_normal":1,"nuclear_craft:ammo_556_anti_gravity":1,"nuclear_craft:ammo_570_explosive":1,"nuclear_craft:ammo_127_explosive":5,"nuclear_craft:ammo_570_tungsten":1,"zombie_extreme:exoarmor_leggings":1,"zombie_extreme:night_hunter_spawn_egg":1,"nuclear_craft:ammo_9mm_nuke":3,"cgm:grenade_launcher":1,"nuclear_craft:ammo_9mm_incendiary":3,"nuclear_craft:ammo_127_anti_gravity":2,"nuclear_craft:ammo_762_incendiary":1,"nuclear_craft:ammo_9mm_explosive":1,"nuclear_craft:ammo_556_normal":1,"nuclear_craft:ammo_570_nuke":1,"nuclear_craft:ammo_556_tungsten":1},"minecraft:killed_by":{"minecraft:skeleton":2,"zombie_extreme:infected_hazmat":1},"minecraft:mined":{"minecraft:spruce_leaves":3,"minecraft:large_fern":1,"minecraft:tall_seagrass":1,"minecraft:dirt":1},"minecraft:picked_up":{"bloxys_structures:red_key":1,"minecraft:chicken":1,"gunsrpg:perkpoint_book":29,"zombie_extreme:j_armor_chestplate":1,"zombie_extreme:exoarmor_chestplate":1,"bloxys_structures:giant_steak":1,"zombie_extreme:titanbar":3,"bloxys_structures:mossy_apple":4,"bloxys_structures:vampire_blood":14,"bloxys_structures:shadow_leviathan_scale":5,"minecraft:string":8,"nuclear_craft:ammo_556_normal":1,"zombie_extreme:chips":1,"minecraft:iron_shovel":1,"bloxys_structures:bigstonesword":1,"nuclear_craft:ammo_556_anti_gravity":1,"zombie_extreme:copper_ignot":5,"zombie_extreme:spec_ops_suit_boots":1,"zombie_extreme:gas_armor_boots":1,"zombie_extreme:exoarmor_helmet":1,"nuclear_craft:ammo_762_silver":1,"zombie_extreme:cannedbeans":1,"nuclear_craft:ammo_9mm_incendiary":3,"nuclear_craft:ammo_127_explosive":5,"bloxys_structures:green_key":2,"nuclear_craft:ammo_9mm_normal":11,"bloxys_structures:poison_trident":1,"bloxys_structures:purple_mushroom":1,"zombie_extreme:cannedmeat":11,"medieval_craft_weapons:titanite_nugget_1":5,"nuclear_craft:ammo_9mm_anti_gravity":3,"nuclear_craft:ammo_9mm_nuke":3,"nuclear_craft:atomic_bomb_rocket":1,"bloxys_structures:mossy_key":2,"minecraft:carrot":1,"zombie_extreme:exoarmor_leggings":1,"nuclear_craft:ammo_570_explosive":1,"zombie_extreme:soda":1,"zombie_extreme:militarymachete":1,"zombie_extreme:gas_armor_helmet":1,"bloxys_structures:guormo_ranged":1,"minecraft:rotten_flesh":203,"nuclear_craft:ammo_762_incendiary":1,"minecraft:arrow":2,"zombie_extreme:blackbar":3,"minecolonies:gate_iron":50,"nuclear_craft:ammo_570_anti_gravity":1,"nuclear_craft:ammo_127_normal":1,"zombie_extreme:gas_armor_leggings":1,"zombie_extreme:gas_armor_chestplate":1,"minecraft:gold_ingot":2,"minecraft:cobblestone":69,"nuclear_craft:ammo_9mm_silver":1,"zombie_extreme:j_armor_boots":1,"nuclear_craft:ammo_12_ga_short_gun_desolator":1,"minecraft:red_mushroom":1,"nuclear_craft:ammo_570_tungsten":1,"minecraft:flint":1,"zombie_extreme:rottenapple":2,"minecraft:dirt":1,"nuclear_craft:ammo_570_nuke":1,"minecraft:bone":4,"nuclear_craft:ammo_9mm_tungsten":3,"minecraft:iron_ingot":23,"medieval_craft_weapons:gladius":1,"lightmanscurrency:coin_iron":1612,"minecraft:iron_sword":1,"zombie_extreme:ancient_flesh":2,"magistuarmory:rustedchainmail_chestplate":2,"zombie_extreme:exoarmor_boots":1,"minecraft:poisonous_potato":1,"bloxys_structures:mossy_crystal_ranged":1,"gunsrpg:skillpoint_book":2,"nuclear_craft:ammo_127_incendiary":1,"minecraft:spruce_log":3,"magistuarmory:rustedchainmail_leggings":1,"magistuarmory:rustedgreathelm":1,"minecraft:spider_eye":4,"nuclear_craft:ammo_9mm_explosive":1,"bloxys_structures:purple_key":1,"lightmanscurrency:coin_copper":450,"zombie_extreme:cannedsoup":1,"zombie_extreme:nightvisionsyringe":1,"zombie_extreme:j_armor_leggings":1,"nuclear_craft:ammo_556_tungsten":1,"magistuarmory:rustedchainmail_helmet":1,"nuclear_craft:ammo_127_anti_gravity":2,"minecraft:diamond":2,"bloxys_structures:yellow_key":1,"tough_zombies:tough_zombie_rotten_flesh":4,"magistuarmory:rustedcrusader_boots":2,"magistuarmory:corruptedroundshield":2,"zombie_extreme:painkillers":2},"minecraft:custom":{"minecraft:mob_kills":1171,"minecraft:bell_ring":1,"minecraft:damage_dealt_resisted":1341,"minecraft:leave_game":8,"minecraft:time_since_death":56607,"minecraft:climb_one_cm":1244,"minecraft:damage_resisted":113,"minecraft:sprint_one_cm":25688,"minecraft:walk_one_cm":358563,"minecraft:drop":56,"minecraft:talked_to_villager":10,"minecraft:deaths":4,"minecraft:sneak_time":6306,"minecraft:walk_under_water_one_cm":15873,"minecraft:jump":993,"minecraft:walk_on_water_one_cm":11346,"minecraft:play_one_minute":259096,"minecraft:time_since_rest":56645,"minecraft:damage_taken":2001,"minecraft:damage_absorbed":132,"minecraft:damage_dealt":27628,"minecraft:swim_one_cm":3680,"minecraft:fly_one_cm":1005039,"minecraft:open_chest":3,"minecraft:crouch_one_cm":7440,"minecraft:fall_one_cm":8697}},"DataVersion":2586}