{"stats":{"minecraft:used":{"minecraft:netherite_sword":16,"zombie_extreme:bombsuitzombie_spawn_egg":3,"moguns:g36c":18,"minecraft:anvil":1,"minecraft:crafting_table":1,"moguns:scar_l":26},"minecraft:picked_up":{"minecraft:iron_chestplate":1,"gunsrpg:perkpoint_book":1,"zombie_extreme:j_armor_boots":1,"zombie_extreme:j_armor_helmet":1,"zombie_extreme:cannedmeat":2,"gunsrpg:skillpoint_book":1,"zombie_extreme:chemical_protection_suit_chestplate":1,"minecraft:golden_boots":1,"zombie_extreme:chips":1,"lightmanscurrency:coin_copper":2,"minecraft:rotten_flesh":4,"tough_zombies:tough_zombie_rotten_flesh":2,"minecraft:crossbow":1,"zombie_extreme:chemical_protection_suit_helmet":1,"minecraft:iron_sword":1},"minecraft:custom":{"minecraft:time_since_rest":16187,"minecraft:sprint_one_cm":4278,"minecraft:damage_taken":30,"minecraft:walk_one_cm":33127,"minecraft:interact_with_anvil":2,"minecraft:mob_kills":13,"minecraft:damage_dealt":3171,"minecraft:interact_with_crafting_table":1,"minecraft:fly_one_cm":39934,"minecraft:open_barrel":4,"minecraft:open_chest":7,"minecraft:crouch_one_cm":172,"minecraft:play_one_minute":16187,"minecraft:sneak_time":210,"minecraft:jump":72,"minecraft:damage_dealt_resisted":410,"minecraft:leave_game":2,"minecraft:walk_on_water_one_cm":23,"minecraft:time_since_death":16187,"minecraft:climb_one_cm":456,"minecraft:fall_one_cm":569},"minecraft:killed":{"zombie_extreme:bombsuitzombie":5,"zombie_extreme:policezombie":2,"tough_zombies:plague_zombie":1,"minecraft:zombie_villager":1,"zombie_extreme:infected_hazmat":1,"zombie_extreme:fast_zombie_v_2":1,"zombie_extreme:boomerzombie":1,"zombie_extreme:drawnedzombie":1}},"DataVersion":2586}