{"stats":{"minecraft:killed_by":{"minecraft:skeleton":2},"minecraft:picked_up":{"nuclear_craft:ammo_9mm_silver":1,"gunsrpg:perkpoint_book":4,"nuclear_craft:ammo_12_ga_short_gun_desolator":1,"zombie_extreme:exoarmor_chestplate":1,"nuclear_craft:ammo_570_tungsten":1,"zombie_extreme:titanbar":1,"zombie_extreme:rottenapple":1,"minecraft:string":8,"minecraft:dirt":1,"nuclear_craft:ammo_556_normal":1,"zombie_extreme:chips":1,"minecraft:iron_shovel":1,"nuclear_craft:ammo_570_nuke":1,"minecraft:bone":1,"nuclear_craft:ammo_9mm_tungsten":3,"zombie_extreme:copper_ignot":2,"minecraft:iron_ingot":8,"nuclear_craft:ammo_556_anti_gravity":1,"zombie_extreme:spec_ops_suit_boots":1,"lightmanscurrency:coin_iron":1448,"zombie_extreme:exoarmor_helmet":1,"zombie_extreme:gas_armor_boots":1,"nuclear_craft:ammo_762_silver":1,"nuclear_craft:ammo_9mm_incendiary":3,"nuclear_craft:ammo_127_explosive":5,"zombie_extreme:ancient_flesh":1,"nuclear_craft:ammo_9mm_normal":11,"zombie_extreme:cannedmeat":3,"zombie_extreme:exoarmor_boots":1,"nuclear_craft:ammo_9mm_anti_gravity":3,"minecraft:poisonous_potato":1,"nuclear_craft:ammo_9mm_nuke":3,"nuclear_craft:atomic_bomb_rocket":1,"nuclear_craft:ammo_127_incendiary":1,"zombie_extreme:exoarmor_leggings":1,"minecraft:carrot":1,"minecraft:arrow":1,"minecraft:spider_eye":4,"nuclear_craft:ammo_570_explosive":1,"nuclear_craft:ammo_9mm_explosive":1,"zombie_extreme:militarymachete":1,"zombie_extreme:gas_armor_helmet":1,"zombie_extreme:nightvisionsyringe":1,"lightmanscurrency:coin_copper":102,"nuclear_craft:ammo_556_tungsten":1,"zombie_extreme:blackbar":1,"nuclear_craft:ammo_762_incendiary":1,"nuclear_craft:ammo_127_anti_gravity":2,"minecraft:rotten_flesh":66,"minecolonies:gate_iron":50,"minecraft:diamond":2,"nuclear_craft:ammo_570_anti_gravity":1,"nuclear_craft:ammo_127_normal":1,"zombie_extreme:gas_armor_leggings":1,"zombie_extreme:gas_armor_chestplate":1,"minecraft:gold_ingot":1,"zombie_extreme:painkillers":1,"minecraft:cobblestone":69},"minecraft:custom":{"minecraft:mob_kills":641,"minecraft:play_one_minute":148901,"minecraft:damage_dealt_resisted":233,"minecraft:leave_game":7,"minecraft:time_since_death":81842,"minecraft:climb_one_cm":1244,"minecraft:time_since_rest":81874,"minecraft:sprint_one_cm":18751,"minecraft:damage_taken":1573,"minecraft:walk_one_cm":158642,"minecraft:drop":56,"minecraft:damage_dealt":23917,"minecraft:swim_one_cm":3680,"minecraft:talked_to_villager":10,"minecraft:fly_one_cm":844052,"minecraft:open_chest":3,"minecraft:crouch_one_cm":6073,"minecraft:deaths":3,"minecraft:sneak_time":5329,"minecraft:walk_under_water_one_cm":12442,"minecraft:jump":694,"minecraft:walk_on_water_one_cm":10594,"minecraft:fall_one_cm":5424},"minecraft:mined":{"minecraft:spruce_leaves":1,"minecraft:large_fern":1,"minecraft:tall_seagrass":1,"minecraft:dirt":1},"minecraft:killed":{"zombie_extreme:soldier_zombie":3,"zombie_extreme:bombsuitzombie":4,"minecraft:wolf":1,"zombie_extreme:wastland_spider":2,"minecraft:zombie_villager":39,"minecraft:salmon":7,"zombie_extreme:infected_bear":2,"minecraft:spider":2,"zombie_extreme:infectedperson":8,"minecraft:cod":3,"zombie_extreme:explosive_zombie":1,"gunsrpg:bloodmoon_golem":1,"zombie_extreme:demolisher":1,"minecraft:squid":9,"minecraft:creeper":2,"zombie_extreme:drawnedzombie":2,"minecraft:skeleton":3,"zombie_extreme:policezombie":2,"minecraft:zombie":397,"zombie_extreme:crawler_zombie":4,"zombie_extreme:infected_dog":1,"zombie_extreme:heavy_military":4,"zombie_extreme:poisonous_zombie":4,"minecraft:drowned":23,"zombie_extreme:fast_zombie_v_2":2,"zombie_extreme:survival":3,"minecraft:villager":8,"zombie_extreme:boomerzombie":1,"zombie_extreme:rat_king":6,"zombie_extreme:infected_spec_ops_soldier":3,"minecraft:blaze":1,"minecraft:cow":4},"minecraft:dropped":{"nuclear_craft:ammo_570_anti_gravity":1,"nuclear_craft:ammo_127_explosive":5,"nuclear_craft:ammo_127_incendiary":1,"nuclear_craft:ammo_570_tungsten":1,"nuclear_craft:ammo_9mm_normal":11,"zombie_extreme:exoarmor_leggings":1,"lightmanscurrency:coin_copper":4,"nuclear_craft:atomic_bomb_rocket":1,"zombie_extreme:night_hunter_spawn_egg":1,"minecraft:poisonous_potato":1,"nuclear_craft:ammo_12_ga_short_gun_desolator":1,"nuclear_craft:ammo_9mm_nuke":3,"zombie_extreme:exoarmor_helmet":1,"zombie_extreme:exoarmor_boots":1,"nuclear_craft:ammo_9mm_anti_gravity":3,"cgm:grenade_launcher":1,"nuclear_craft:ammo_9mm_incendiary":3,"nuclear_craft:ammo_127_anti_gravity":2,"nuclear_craft:ammo_762_incendiary":1,"zombie_extreme:exoarmor_chestplate":1,"nuclear_craft:ammo_9mm_silver":1,"nuclear_craft:ammo_762_silver":1,"nuclear_craft:ammo_9mm_tungsten":3,"nuclear_craft:ammo_9mm_explosive":1,"nuclear_craft:ammo_556_normal":1,"nuclear_craft:ammo_127_normal":1,"nuclear_craft:ammo_570_nuke":1,"nuclear_craft:ammo_556_anti_gravity":1,"nuclear_craft:ammo_556_tungsten":1,"nuclear_craft:ammo_570_explosive":1},"minecraft:used":{"minecraft:netherite_sword":11,"zombie_extreme:painkillers":1,"cgm:pistol":6,"minecolonies:barbarianegg":4,"minecolonies:gate_iron":3,"minecraft:rotten_flesh":3,"zombie_extreme:night_hunter_spawn_egg":2,"gunsrpg:landmine":4,"zombie_extreme:rat_king_spawn_egg":7,"minecraft:dirt":7,"zombie_extreme:poisonous_zombie_spawn_egg":6,"cgm:bazooka":18,"nuclear_craft:statue_of_rifle_ammo":4,"minecolonies:amazonchiefegg":4,"minecraft:milk_bucket":3,"magistuarmory:netherite_claymore":67,"magistuarmory:netherite_lochaberaxe":3,"zombie_extreme:heavy_military_spawn_egg":8,"zombie_extreme:infected_spec_ops_soldier_spawn_egg":2,"lightmanscurrency:coinpile_iron":16,"minecraft:villager_spawn_egg":13,"zombie_extreme:nightvisionsyringe":1,"gunsrpg:hidden_landmine":5,"minecraft:string":3,"nuclear_craft:c4_atomic_bomb":1,"zombie_extreme:policezombie_spawn_egg":3,"zombie_extreme:infected_hazmat_spawn_egg":1,"zombie_extreme:bombsuitzombie_spawn_egg":4,"zombie_extreme:infectedperson_spawn_egg":21,"magistuarmory:diamond_guisarme":26,"gunsrpg:mayor_spawn_egg":1,"magistuarmory:netherite_katzbalger":2,"zombie_extreme:wastland_spider_spawn_egg":8,"cgm:grenade_launcher":49,"minecraft:wooden_sword":196,"gunsrpg:large_landmine":54,"zombie_extreme:survival_spawn_egg":18,"magistuarmory:netherite_flamebladedsword":8,"lightmanscurrency:coinblock_iron":53,"magistuarmory:netherite_stylet":8,"zombie_extreme:antiradon_enhanced_action":1,"magistuarmory:wood_stylet":7}},"DataVersion":2586}