{"stats":{"minecraft:broken":{"minecraft:wooden_shovel":1,"minecraft:wooden_pickaxe":1},"minecraft:custom":{"minecraft:interact_with_crafting_table":36,"minecraft:open_barrel":3,"minecraft:bell_ring":1,"minecraft:leave_game":20,"minecraft:time_since_death":38021,"minecraft:damage_resisted":113,"minecraft:sprint_one_cm":124366,"minecraft:drop":64,"minecraft:talked_to_villager":14,"minecraft:deaths":19,"minecraft:jump":1964,"minecraft:walk_on_water_one_cm":17697,"minecraft:interact_with_furnace":23,"minecraft:interact_with_cartography_table":2,"minecraft:play_one_minute":458633,"minecraft:damage_dealt":29958,"minecraft:crouch_one_cm":31889,"minecraft:mob_kills":1298,"minecraft:damage_dealt_resisted":1376,"minecraft:climb_one_cm":14109,"minecraft:walk_one_cm":706187,"minecraft:sneak_time":21127,"minecraft:walk_under_water_one_cm":21288,"minecraft:raid_trigger":1,"minecraft:time_since_rest":38046,"minecraft:damage_taken":4860,"minecraft:damage_absorbed":132,"minecraft:swim_one_cm":18741,"minecraft:fly_one_cm":1370172,"minecraft:open_chest":88,"minecraft:fall_one_cm":24843},"minecraft:mined":{"minecraft:spruce_planks":3,"lightmanscurrency:coinpile_iron":1,"minecraft:granite":4,"minecraft:grass_block":7,"minecraft:tall_seagrass":1,"lightmanscurrency:coinblock_iron":2,"minecraft:cobblestone":11,"minecraft:oak_planks":1,"minecraft:sugar_cane":2,"minecraft:wall_torch":1,"structurize:white_floating_carpet":1,"minecraft:acacia_fence":1,"minecraft:sand":35,"minecraft:dirt":12,"minecraft:spruce_leaves":33,"minecraft:large_fern":3,"minecraft:furnace":1,"structurize:red_floating_carpet":1,"minecraft:stone":94,"minecraft:glass_pane":3,"toughasnails:water_purifier":1,"minecraft:crafting_table":2,"chancecubes:chance_cube":1,"minecraft:blue_bed":1,"minecraft:sweet_berry_bush":5,"minecraft:spruce_log":55,"minecraft:grass_path":1,"minecraft:coal_ore":30,"minecraft:gravel":26},"minecraft:crafted":{"minecraft:glass":18,"minecraft:glass_bottle":12,"minecraft:wooden_shovel":3,"minecraft:crafting_table":2,"minecraft:spruce_planks":48,"minecraft:wooden_pickaxe":5,"minecraft:spruce_door":3,"minecraft:charcoal":11,"toughasnails:water_purifier":1,"minecraft:stick":28,"minecraft:stone_sword":3,"minecraft:wooden_sword":2,"minecraft:stone_shovel":1,"minecraft:furnace":2,"medieval_craft_weapons:mighty_stick":1,"minecraft:stone_axe":1,"minecraft:air":0,"minecraft:wooden_axe":2},"minecraft:picked_up":{"bloxys_structures:red_key":1,"gunsrpg:perkpoint_book":34,"zombie_extreme:exoarmor_chestplate":1,"bloxys_structures:vampire_blood":14,"nuclear_craft:ammo_556_normal":1,"minecraft:string":8,"bloxys_structures:shadow_leviathan_scale":5,"zombie_extreme:chips":2,"flashlight:flashlight":1,"minecraft:spruce_planks":8,"bloxys_structures:bigstonesword":1,"zombie_extreme:gas_armor_boots":1,"zombie_extreme:exoarmor_helmet":1,"minecraft:furnace":1,"nuclear_craft:ammo_9mm_incendiary":3,"nuclear_craft:ammo_127_explosive":5,"bloxys_structures:green_key":2,"nuclear_craft:ammo_9mm_normal":11,"bloxys_structures:poison_trident":1,"minecraft:acacia_fence":1,"minecraft:torch":3,"zombie_extreme:cannedmeat":11,"nuclear_craft:ammo_9mm_anti_gravity":3,"zombie_extreme:exoarmor_leggings":1,"zombie_extreme:soda":2,"bloxys_structures:guormo_ranged":1,"minecraft:rotten_flesh":216,"minecolonies:gate_iron":50,"minecraft:cobblestone":173,"minecraft:feather":2,"nuclear_craft:ammo_12_ga_short_gun_desolator":1,"nuclear_craft:ammo_570_tungsten":1,"butchersdelight:deadpig":3,"minecraft:flint":6,"minecraft:dirt":62,"nuclear_craft:ammo_570_nuke":1,"minecraft:bone":6,"nuclear_craft:ammo_9mm_tungsten":3,"minecraft:oak_planks":1,"relics:ice_breaker":1,"minecraft:poisonous_potato":1,"minecraft:sand":35,"nuclear_craft:ammo_127_incendiary":1,"minecraft:ink_sac":2,"magistuarmory:rustedgreathelm":1,"nuclear_craft:ammo_9mm_explosive":1,"zombie_extreme:cannedsoup":1,"bloxys_structures:purple_key":1,"nuclear_craft:ammo_556_tungsten":1,"nuclear_craft:ammo_127_anti_gravity":2,"toughasnails:water_purifier":1,"minecraft:diamond":2,"bloxys_structures:yellow_key":1,"tough_zombies:tough_zombie_rotten_flesh":5,"magistuarmory:corruptedroundshield":2,"minecraft:granite":4,"minecraft:bread":62,"zombie_extreme:painkillers":2,"minecraft:crafting_table":2,"minecraft:chicken":2,"minecraft:ladder":3,"zombie_extreme:j_armor_chestplate":1,"bloxys_structures:giant_steak":1,"zombie_extreme:titanbar":3,"bloxys_structures:mossy_apple":4,"minecraft:iron_shovel":1,"minecraft:beef":1,"nuclear_craft:ammo_556_anti_gravity":1,"minecraft:poppy":1,"zombie_extreme:spec_ops_suit_boots":1,"zombie_extreme:copper_ignot":5,"minecraft:sugar_cane":7,"minecraft:spruce_trapdoor":8,"nuclear_craft:ammo_762_silver":1,"zombie_extreme:cannedbeans":1,"bloxys_structures:purple_mushroom":1,"medieval_craft_weapons:titanite_nugget_1":6,"nuclear_craft:atomic_bomb_rocket":1,"nuclear_craft:ammo_9mm_nuke":3,"bloxys_structures:mossy_key":2,"minecraft:carrot":1,"nuclear_craft:ammo_570_explosive":1,"minecraft:dark_oak_planks":1,"zombie_extreme:militarymachete":1,"zombie_extreme:gas_armor_helmet":1,"minecraft:arrow":2,"nuclear_craft:ammo_762_incendiary":1,"zombie_extreme:blackbar":3,"nuclear_craft:ammo_570_anti_gravity":1,"nuclear_craft:ammo_127_normal":1,"zombie_extreme:gas_armor_leggings":1,"zombie_extreme:gas_armor_chestplate":1,"minecraft:gold_ingot":2,"nuclear_craft:ammo_9mm_silver":1,"zombie_extreme:j_armor_boots":2,"minecraft:red_mushroom":1,"minecraft:gunpowder":2,"zombie_extreme:rottenapple":2,"minecraft:blue_bed":1,"minecraft:iron_ingot":23,"medieval_craft_weapons:gladius":1,"structurize:red_floating_carpet":1,"minecraft:glass_bottle":1,"lightmanscurrency:coin_iron":1614,"minecraft:iron_sword":1,"zombie_extreme:ancient_flesh":2,"magistuarmory:rustedchainmail_chestplate":2,"minecraft:sweet_berries":14,"zombie_extreme:exoarmor_boots":1,"minecraft:gravel":21,"bloxys_structures:mossy_crystal_ranged":1,"gunsrpg:skillpoint_book":2,"minecraft:spruce_sapling":3,"minecraft:spruce_log":59,"magistuarmory:rustedchainmail_leggings":1,"minecraft:spider_eye":4,"zombie_extreme:nightvisionsyringe":1,"lightmanscurrency:coin_copper":450,"zombie_extreme:j_armor_leggings":1,"magistuarmory:rustedchainmail_helmet":1,"magistuarmory:rustedcrusader_boots":3,"minecraft:coal":29,"structurize:white_floating_carpet":1},"minecraft:killed_by":{"gunsrpg:zombie_gunner":1,"zombie_extreme:demolisher":1,"zombie_extreme:infected_bear":1,"minecraft:player":1,"zombie_extreme:soldier_zombie":1,"zombie_extreme:boomerzombie":1,"minecraft:skeleton":3,"zombie_extreme:infected_hazmat":1},"minecraft:dropped":{"lightmanscurrency:coin_copper":4,"nuclear_craft:ammo_9mm_normal":11,"nuclear_craft:atomic_bomb_rocket":1,"nuclear_craft:ammo_12_ga_short_gun_desolator":1,"zombie_extreme:exoarmor_boots":1,"nuclear_craft:ammo_9mm_anti_gravity":3,"zombie_extreme:exoarmor_chestplate":1,"nuclear_craft:ammo_9mm_silver":1,"structurize:white_floating_carpet":1,"nuclear_craft:ammo_9mm_tungsten":3,"nuclear_craft:ammo_127_explosive":5,"zombie_extreme:night_hunter_spawn_egg":1,"nuclear_craft:ammo_9mm_nuke":3,"minecraft:fern":1,"structurize:red_floating_carpet":1,"nuclear_craft:ammo_9mm_incendiary":3,"minecraft:poppy":1,"nuclear_craft:ammo_127_anti_gravity":2,"nuclear_craft:ammo_556_normal":1,"nuclear_craft:ammo_570_nuke":1,"minecraft:acacia_fence":1,"nuclear_craft:ammo_570_anti_gravity":1,"nuclear_craft:ammo_127_incendiary":1,"minecraft:poisonous_potato":1,"zombie_extreme:exoarmor_helmet":1,"nuclear_craft:ammo_762_silver":1,"nuclear_craft:ammo_127_normal":1,"nuclear_craft:ammo_556_anti_gravity":1,"butchersdelight:deadpig":2,"nuclear_craft:ammo_570_explosive":1,"nuclear_craft:ammo_570_tungsten":1,"flashlight:flashlight":1,"zombie_extreme:exoarmor_leggings":1,"cgm:grenade_launcher":1,"nuclear_craft:ammo_762_incendiary":1,"nuclear_craft:ammo_9mm_explosive":1,"nuclear_craft:ammo_556_tungsten":1},"minecraft:used":{"zombie_extreme:painkillers":1,"bloxys_structures:mossy_skeleton_spawn_egg":1,"minecraft:poppy":1,"minecraft:zombie_spawn_egg":2,"medieval_craft_weapons:mighty_stick":9,"minecolonies:gate_iron":3,"bloxys_structures:cave_golem_spawn_egg":1,"minecraft:rotten_flesh":3,"tough_zombies:tough_zombie_spawn_egg":2,"minecolonies:amazonchiefegg":4,"minecraft:milk_bucket":6,"bloxys_structures:mushroom_king_spawn_egg":1,"butchersdelight:deadchickenblock":2,"apexguns:kraber":10,"minecraft:villager_spawn_egg":13,"bloxys_structures:green_key_spawner":1,"chancecubes:chance_cube":1,"zombie_extreme:policezombie_spawn_egg":3,"zombie_extreme:infectedperson_spawn_egg":21,"magistuarmory:diamond_guisarme":26,"zombie_extreme:anti_selective_vaccine":1,"zombie_extreme:syringeinfection":1,"magistuarmory:netherite_katzbalger":2,"gunsrpg:large_landmine":54,"minecraft:sweet_berries":26,"zombie_extreme:survival_spawn_egg":18,"ironchest:obsidian_chest":3,"minecraft:furnace":3,"bloxys_structures:giant_cow_spawn_egg":1,"zombie_extreme:antiradon_enhanced_action":1,"moguns:scar_l":130,"ava:plaster_magenta_slope_90":1,"zombie_extreme:crawler_zombie_spawn_egg":1,"bloxys_structures:giant_enderman_spawn_egg":1,"minecraft:spruce_door":1,"bloxys_structures:mystical_pork":11,"bloxys_structures:ash_zombie_spawn_egg":1,"zombie_extreme:demolisher_spawn_egg":5,"minecraft:wooden_pickaxe":146,"medieval_craft_structures:casabs":2,"zombie_extreme:murku_force_unit_spawn_egg":2,"bloxys_structures:vampire_spawn_egg":1,"bloxys_structures:rollingstone_spawn_egg":2,"tough_zombies:brute_zombie_spawn_egg":3,"moguns:m1911":34,"gunsrpg:landmine":4,"zombie_extreme:night_hunter_spawn_egg":2,"minecraft:sand":3,"bloxys_structures:ragnarok_spawn_egg":1,"medieval_craft_weapons:soldier_spawn_egg":1,"medieval_craft_weapons:romancenturion_spawn_egg":1,"bloxys_structures:giant_sniffer_spawn_egg":1,"cgm:bazooka":27,"nuclear_craft:statue_of_rifle_ammo":4,"zombie_extreme:zero_patient_spawn_egg":5,"bloxys_structures:mossy_apple":1,"zombie_extreme:aspirin":3,"medieval_craft_weapons:romanlegionary_spawn_egg":1,"magistuarmory:netherite_lochaberaxe":3,"zombie_extreme:infected_spec_ops_soldier_spawn_egg":2,"gunsrpg:hidden_landmine":5,"bloxys_structures:mossy_gatekeeper_spawn_egg":1,"minecraft:bread":5,"minecraft:string":3,"minecraft:wooden_sword":306,"bloxys_structures:titan_sniffer_spawn_egg":1,"lightmanscurrency:coinblock_iron":53,"medieval_craft_weapons:knight_spawn_egg":1,"upgradednetherite_items:enchanted_netherite_apple":2,"bloxys_structures:bell_monster_spawn_egg":1,"minecraft:netherite_sword":11,"minecraft:stone_sword":11,"bloxys_structures:red_mushy_spawn_egg":1,"toughasnails:water_purifier":2,"minecraft:spruce_planks":9,"ava:sandstone_wall_light":2,"minecraft:wooden_shovel":71,"zombie_extreme:vendingmachine":1,"bloxys_structures:racoon_spawn_egg":1,"bloxys_structures:mossy_watcher_spawn_egg":1,"minecraft:torch":5,"minecraft:dirt":20,"bloxys_structures:mossy_eye_spawn_egg":1,"gunsrpg:explosive_skeleton_spawn_egg":1,"zombie_extreme:zombie_brute_spawn_egg":1,"zombie_extreme:poisonous_zombie_spawn_egg":6,"bloxys_structures:shadow_leviathan_spawn_egg":1,"zombie_extreme:drawnedzombie_spawn_egg":5,"minecraft:wooden_axe":31,"bloxys_structures:purple_mushy_spawn_egg":1,"lightmanscurrency:coinpile_iron":16,"zombie_extreme:nightvisionsyringe":1,"nuclear_craft:c4_atomic_bomb":1,"medieval_craft_weapons:viking_1_spawn_egg":1,"zombie_extreme:infected_hazmat_spawn_egg":1,"carryon:entity_item":2,"moguns:micro_uzi":2231,"bloxys_structures:bigstonesword":17,"ava:glass_trig_wall":4,"cgm:grenade_launcher":49,"zombie_extreme:wastland_spider_spawn_egg":8,"waystones:warp_plate":1,"magistuarmory:netherite_flamebladedsword":8,"magistuarmory:netherite_stylet":8,"minecraft:enchanted_golden_apple":2,"magistuarmory:wood_stylet":7,"zombie_extreme:survial_spawn_egg":8,"moguns:lanchester":79,"medieval_craft_weapons:archer_spawn_egg":1,"minecraft:glass_bottle":13,"cgm:pistol":6,"minecolonies:barbarianegg":4,"bloxys_structures:guormo_spawn_egg":1,"zombie_extreme:rat_king_spawn_egg":18,"minecraft:crafting_table":7,"medieval_craft_weapons:viking_2_spawn_egg":2,"magistuarmory:netherite_claymore":67,"zombie_extreme:heavy_military_spawn_egg":8,"medieval_craft_weapons:heavyknight_spawn_egg":1,"zombie_extreme:shelving":1,"tough_zombies:plague_zombie_spawn_egg":3,"minecraft:iron_pickaxe":1,"minecraft:map":1,"zombie_extreme:bombsuitzombie_spawn_egg":47,"gunsrpg:mayor_spawn_egg":1,"blocklings:blockling_spawn_egg":3,"gunsrpg:zombie_gunner_spawn_egg":8,"minecraft:cobblestone":2,"minecraft:potion":9,"zombie_extreme:protectionpill":1,"medieval_craft_structures:castlebs":1,"butchersdelight:rack":1},"minecraft:killed":{"zombie_extreme:soldier_zombie":4,"tough_zombies:tough_zombie":1,"minecraft:witch":1,"zombie_extreme:infected_bear":6,"minecraft:spider":5,"zombie_extreme:infectedperson":15,"bloxys_structures:ragnarok":1,"minecraft:cod":4,"zombie_extreme:explosive_zombie":3,"minecraft:skeleton":10,"bloxys_structures:mossy_gatekeeper":1,"minecraft:chicken":2,"bloxys_structures:mossy_eye":1,"bloxys_structures:cave_golem":1,"bloxys_structures:racoon":1,"bloxys_structures:giant_sniffer":1,"minecraft:wolf":1,"bloxys_structures:giant_cow":1,"bloxys_structures:guormo":1,"zombie_extreme:wastland_spider":2,"minecraft:pig":1,"minecraft:zombie_villager":75,"zombie_extreme:infected_hazmat":1,"minecraft:salmon":7,"ava:blue_melee_guard":7,"bloxys_structures:ash_zombie":1,"gunsrpg:bloodmoon_golem":1,"zombie_extreme:zero_patient":2,"gunsrpg:explosive_skeleton":1,"minecraft:creeper":4,"medieval_craft_weapons:romanlegionary":1,"zombie_extreme:policezombie":4,"minecraft:zombie":786,"tough_zombies:plague_zombie":3,"tough_zombies:brute_zombie":3,"bloxys_structures:vampire":1,"blocklings:blockling":2,"medieval_craft_weapons:viking_2":2,"zombie_extreme:boomerzombie":3,"zombie_extreme:rat_king":16,"minecraft:cow":6,"minecraft:blaze":1,"medieval_craft_weapons:heavyknight":1,"zombie_extreme:bombsuitzombie":48,"gunsrpg:zombie_gunner":12,"bloxys_structures:shadow_leviathan":1,"bloxys_structures:bell_monster":1,"bloxys_structures:titan_sniffer":1,"zombie_extreme:demolisher":5,"minecraft:phantom":4,"zombie_extreme:drawnedzombie":6,"zombie_extreme:infected_dog":7,"minecraft:drowned":27,"zombie_extreme:parasite":2,"zombie_extreme:fast_zombie_v_2":9,"bloxys_structures:red_mushy":1,"zombie_extreme:infected_spec_ops_soldier":3,"bloxys_structures:mossy_watcher":1,"zombie_extreme:murku_force_unit":1,"bloxys_structures:mossy_skeleton":6,"zombie_extreme:zombie_brute":1,"minecraft:squid":9,"bloxys_structures:purple_mushy":1,"zombie_extreme:crawler_zombie":9,"bloxys_structures:mushroom_king":1,"zombie_extreme:heavy_military":4,"zombie_extreme:poisonous_zombie":4,"bloxys_structures:mossy_guardian":6,"minecraft:wither_skeleton":6,"bloxys_structures:rollingstone":2,"zombie_extreme:survival":3,"minecraft:villager":10}},"DataVersion":2586}