{"stats":{"minecraft:mined":{"minecraft:large_fern":1,"minecraft:spruce_leaves":1},"minecraft:used":{"zombie_extreme:wastland_spider_spawn_egg":7,"zombie_extreme:infectedperson_spawn_egg":8},"minecraft:custom":{"minecraft:jump":6,"minecraft:time_since_rest":2019,"minecraft:damage_dealt":18,"minecraft:play_one_minute":2019,"minecraft:leave_game":1,"minecraft:time_since_death":2019,"minecraft:walk_one_cm":1685,"minecraft:sneak_time":6,"minecraft:fall_one_cm":209,"minecraft:fly_one_cm":458}},"DataVersion":2586}